{"eval_accuracy": 0.8578431372549019, "eval_f1": 0.9006849315068494}