{"eval_accuracy": 0.7205882352941176, "eval_f1": 0.8184713375796178}