{"eval_pearson": 0.8784987932588884, "eval_spearmanr": 0.874438088446904}