{"eval_pearson": 0.7142756680631259, "eval_spearmanr": 0.7170052165955435}