{"eval_accuracy": 0.7009803921568627, "eval_f1": 0.817910447761194}