{"eval_accuracy": 0.8382352941176471, "eval_f1": 0.8903654485049834}