{"eval_accuracy": 0.6887254901960784, "eval_f1": 0.8145985401459854}