{"eval_pearson": 0.8267955036211098, "eval_spearmanr": 0.8209863701121534}