{"eval_pearson": 0.7476682643738555, "eval_spearmanr": 0.7459571404644308}