{"eval_accuracy": 0.8455882352941176, "eval_f1": 0.891566265060241}