{"eval_pearson": 0.8659235308027555, "eval_spearmanr": 0.8653642103068686}