{"eval_pearson": 0.8672351235391176, "eval_spearmanr": 0.8664264103272161}